Alexandr Burakov <aburakov@adalisk.com>     A.Burakov <42890373+ABSitf@users.noreply.github.com>
Alexandr Burakov <aburakov@adalisk.com>     ABSitf <absitf.sun@gmail.com>
Alexandr Burakov <aburakov@adalisk.com>     A.Burakov <aburakov@adalisk.com>
Alexey Koksin <akoksin@adalisk.com>         ADALISK\akoksin <akoksin@adalisk.com>
Alexey Koksin <akoksin@adalisk.com>         ASTROCOMP\astro <akoksin@adalisk.com>
Alexey Koksin <akoksin@adalisk.com>         theastrowander <astrowander@gmail.com>
Alexey Koksin <akoksin@adalisk.com>         Alex Koksin <akoksin@adalisk.com>
Daniil Antipov <dantipov@adalisk.com>       Daniil <dantipov@adalisk.com>
Daniil Antipov <dantipov@adalisk.com>       ADniill <107467306+ADniill@users.noreply.github.com>
Fedor Chelnokov <fchelnokov@adalisk.com>    Fedr <fchelnokov@adalisk.com>
Grant Karapetyan <gkarapetyan@adalisk.com>  grantim <gkarapetyan@adalisk.com>
Grant Karapetyan <gkarapetyan@adalisk.com>  grantim <grantim@yandex.ru>
Maxim Rayskiy <max.raiskii@meshinspector.com> Maxim Rayskiy <mraiskii@adalisk.com>
Maxim Rayskiy <max.raiskii@meshinspector.com> MaxRayskiy <max.rayskiy@gmail.com>
Maxim Rayskiy <max.raiskii@meshinspector.com> MaxRayskiy <mraiskii@adalisk.com>
Maxim Rayskiy <max.raiskii@meshinspector.com> max.rayskiy <mraiskii@adalisk.com>
Maxim Rayskiy <max.raiskii@meshinspector.com> Max <max.rayskiy@gmail.com>
Maxim Rayskiy <max.raiskii@meshinspector.com> Max <mraiskii@adalisk.com>
Maxim Rayskiy <max.raiskii@meshinspector.com> MaxRayskiy <max.raiskii@meshinspector.com>
Rodion Orlov <rorlov@adalisk.com>           Rodion Orlov <rodion.orlov@smiledirectclub.com>
